{
  "train_loss": [
    0.06786608745654424,
    0.06547747229536374,
    0.0558034598827362,
    0.05244011382261912,
    0.05101809923847516,
    0.05459932014346123,
    0.04879409596323967,
    0.05169163718819618,
    0.04970089755952358,
    0.04219833128154278,
    0.039562685787677764,
    0.037511610239744184,
    0.03875721593697866,
    0.03972134180366993,
    0.03500152292350928,
    0.035973353497684005,
    0.03543044856439034,
    0.0335877434660991,
    0.03763736921052138,
    0.030655112552146115,
    0.0296769371877114,
    0.02743015189965566,
    0.031089785943428674
  ],
  "val_loss": [
    0.06444254517555237,
    0.06011998405059179,
    0.06051616122325262,
    0.05992568035920461,
    0.05800425509611765,
    0.059384025633335114,
    0.05607420206069946,
    0.06365534290671349,
    0.05332269643743833,
    0.05651256193717321,
    0.056325086702903114,
    0.05627654865384102,
    0.052855891486008964,
    0.05432501311103503,
    0.05445478484034538,
    0.05365372573335966,
    0.059358444064855576,
    0.06163914625843366,
    0.05708916733662287,
    0.06030651181936264,
    0.058773454278707504,
    0.061211890230576195,
    0.058074645698070526
  ],
  "val_mae": [
    0.7823625922203064,
    0.7731269717216491,
    0.7863553106784821,
    0.7625571191310883,
    0.7711682319641113,
    0.779747998714447,
    0.7430096089839935,
    0.7896465837955475,
    0.710878998041153,
    0.7753238916397095,
    0.7400207281112671,
    0.7816902458667755,
    0.728854900598526,
    0.7617649495601654,
    0.7453367292881012,
    0.7346977055072784,
    0.7772957980632782,
    0.8058580219745636,
    0.7749369859695434,
    0.7897575438022614,
    0.7778165161609649,
    0.8045180678367615,
    0.7769555389881134
  ]
}